Model,Precision,Recall,F1-Score,AUC
Baseline (Real Data),0.9572649572649573,0.7567567567567568,0.8452830188679246,0.9307394606635477
Augmented (Real + Synthetic),0.9868090452261307,0.9532766990291263,0.9697530864197531,0.9929220162235348
